link,title,text
https://tproger.ru/articles/sozdajom-lokalnyj-videohosting-chast-0-opredeljaemsja-s-pravilami/,Создаём локальный видеохостинг. Часть 0: определяемся с правилами,"Как насчёт того, чтобы создать свой локальный видеохостинг для просмотра видео на разных устройствах? Идея для pet-проекта или курсовой работы."
https://tproger.ru/articles/poslednjaja-versija-jazyka-chto-nuzhno-znat-chtoby-projti-sobesedovanie/,"Последняя версия языка: что нужно знать, чтобы пройти собеседование","Разработчики и авторы курсов в Яндекс.Практикуме рассказывают, когда знание последней версии языка программирования критично, а когда ― нет."
https://tproger.ru/video/video-neobychnyj-python-patterny-prodolzhenie-urok-5/?autoload=1,"Видео: Необычный Python. Паттерны, продолжение. Урок 5",В пятом уроке видеокурса автор продолжает рассказывать о паттернах и показывает реальные примеры их использования.
https://tproger.ru/articles/shpargalka-po-logirovaniju-na-python/,Шпаргалка по логированию на Python,В языке Python основным инструментом для логирования является библиотека logging. Так давайте вместе с IT Resume рассмотрим её подробней.
https://tproger.ru/video/video-neobychnyj-python-interfejsy-i-patterny-urok-4/?autoload=1,Видео: Необычный Python. Интерфейсы и паттерны. Урок 4,В очередном видео автор рассматривает интерфейсы и паттерны Python. Подробное объяснение и демонстрация реальных примеров.
https://tproger.ru/translations/skraping-sajta-s-pomoshhju-python-gajd-dlja-novichkov/,Скрапинг сайта с помощью Python: гайд для новичков,Пишем простой скрапер на Python для сайта с объявлениями о недвижимости. Получаем готовый очищенный готовый к экспорту датасет.
https://tproger.ru/video/video-neobychnyj-python-polimorfizm-inkapsuljacija-i-peregruzka-metodov-urok-3/?autoload=1,"Видео: Необычный Python. Полиморфизм, инкапсуляция и перегрузка методов. Урок 3","Продолжение серии видеоуроков по основам Python, которые помогут вам разработать первое приложение. В третьей части — полиморфизм и инкапсуляция."
https://tproger.ru/articles/sobesedovanie-vs-realnaja-rabota-kakie-navyki-prigodjatsja-nachinajushhim-python-razrabotchikam/,Собеседование VS реальная работа: какие навыки пригодятся начинающим Python-разработчикам,"Какие вопросы могут задать на собеседовании начинающему Python-разработчику и что обязательно повторить, чтобы получить работу."
https://tproger.ru/video/video-neobychnyj-python-cikly-klassy-i-dekoratory-urok-2/?autoload=1,"Видео: Необычный Python. Циклы, классы и декораторы. Урок 2","Продолжение серии уроков, которые помогут создать первое приложение на Python. Во второй части — знакомство с циклами, классами и декораторами."
https://tproger.ru/video/video-osnovy-python-i-razrabotka-pervogo-prilozhenija-s-pomoshhju-fastapi-urok-1/?autoload=1,Видео: основы Python и разработка первого приложения с помощью FastAPI. Урок 1,"Автор объясняет основы Python, различия функционального программирования и ООП, а также показывает, как разработать приложение c помощью FastAPI."
https://tproger.ru/articles/kak-detej-obuchajut-rabote-s-python/,Как детей обучают работе с Python,"Сегодня мы живем в мире, где дети могут научиться программированию в самом раннем возрасте. Кодинг пригодится им на протяжении всей жизни: в детстве он развивает логическое мышление, а с возрастом…"
https://tproger.ru/video/video-razrabotka-mikroservisov-na-python-na-primere-realnogo-proekta/?autoload=1,Видео: разработка микросервисов на Python на примере реального проекта,"Автор рассматривает код проекта с микросервисной архитектурой, разбирает паттерны DTO и Dependency Injector, а также разъясняет принятые решения."
https://tproger.ru/articles/podborka-ide-i-redaktorov-koda-dlja-python/,Подборка IDE и редакторов кода для Python,"Среды разработки и редакторы кода полезны. Пройдёмся по известным IDE и редакторам кода для языка Python, а также разберём их плюсы и минусы"
https://tproger.ru/articles/dajving-v-python-istorija-odnogo-opyta/,Дайвинг в Python: история одного опыта,Рассказ о самостоятельном изучении Python с нуля.
https://tproger.ru/articles/sovety-python-novichkam-ot-sinora/,Советы Python-новичкам от синьора,"Советы и рекомендации по написанию кода и не только, которые могут пригодиться начинающим питонистам."
https://tproger.ru/translations/vzaimodejstvie-python-i-fuguesql-v-jupiter-notebooks/,Взаимодействие Python и FugueSQL в Jupyter Notebooks,"FugueSQL — это язык который расширяет возможности SQL. Рассказываем, как пользоваться FugueSQL в связке с Python и Jupyter Notebooks."
https://tproger.ru/articles/kejs-habib-vs-makgregor-ili-raspoznavanie-lic-na-python/,Кейс: Хабиб vs МакГрегор или Распознавание лиц на Python,"Учимся представлять фотографии в виде матриц, обрабатывать их, детектить лица и натравливать на них нейронку."
https://tproger.ru/articles/moja-istorija-v-it-kak-samostojatelno-izuchit-javascript-i-python-chtoby-osushhestvit-svoju-mechtu/,"Моя история в IT: как самостоятельно изучить JavaScript и Python, чтобы осуществить свою мечту","Из этой статьи вы узнаете, как изучить Python и JavaScript самостоятельно. Личный опыт разработчика, рекомендации книг и онлайн-курсов."
https://tproger.ru/articles/discord-bot-na-python-dlja-avtomatizacii-raboty-s-unity-cloud-build-v-gamedev-komande/,Discord-бот на Python для автоматизации работы с Unity Cloud Build в GameDev команде,Создаём Discord-бот на Python. Он запускает сборку проекта в Unity Cloud Build и создает ссылку на скачивание для QA из внешней команды.
https://tproger.ru/digest/python-biblioteki-kotorye-prigodjatsja-kazhdomu-razrabotchiku-na-python/,"Python-библиотеки, которые пригодятся каждому разработчику на Python","Узнаём у экспертов-питонистов, какие Python-библиотеки они используют и могут посоветовать другим разработчикам."
https://tproger.ru/translations/top-10-python-bibliotek-dlja-data-science/,Топ-10 Python библиотек для Data Science,"Рассказываем, на какие популярные Python библиотеки для Data Science стоит обратить внимание начинающему дата-сайентисту."
https://tproger.ru/articles/nebolshaja-podborka-instrumentov-steka-python/,Небольшая подборка инструментов стека Python,"Шорт-лист инструментов стека Python от технического директора, которые применяются его командой на практике"
https://tproger.ru/translations/desktopnoe-prilozhenie-na-python-ui-i-signaly/,Десктопное приложение на Python: UI и сигналы,"С помощью Python можно создавать современные десктопные приложения. Рассказываем, как сделать графический интерфейс с помощью кода."
https://tproger.ru/translations/python-mozhet-byt-bystree-c/,Увеличиваем скорость работы Python до уровня C++ с Numba,Повышаем скорость работы Python с использованием библиотеки Numba и сравниваем с «плюсами» на примере простенького алгоритма.
https://tproger.ru/articles/sozdajte-svoj-pervyj-ui-test-za-20-minut/,Создайте свой первый UI-тест за 20 минут,Пошаговая инструкция по созданию UI-теста с помощью Python и Selenium.
https://tproger.ru/video/proekty-na-django-dlja-nachinajushhih-dvuhchasovoj-videokurs/?autoload=1,Проекты на Django для начинающих: двухчасовой видеокурс,"Сделайте эти проекты на Django, чтобы познакомиться с самым популярным фреймворком для создания веб-приложений на языке Python."
https://tproger.ru/problems/zadacha-na-sobesedovanii-provesti-prjamuju-cherez-nabor-tochek/,Задача на собеседовании: провести прямую через набор точек,"Ищем наиболее вероятные положения автономного автомобиля, который едет прямо по дороге и отслеживается по GPS."
https://tproger.ru/digest/gde-obshhajutsja-razrabotchiki-russkojazychnye-chaty-programmistov/,Где общаются разработчики: русскоязычные чаты программистов,"Сделали подборку чатов программистов в Slack, Telegram и Gitter."
https://tproger.ru/translations/regular-expression-python/,Регулярные выражения в Python: теория и практика,"Разберём регулярные выражения в Python, их синтаксис, популярные методы специального модуля re, а также попрактикуемся на задачах."
https://tproger.ru/articles/bazovye-znanija-data-science-chto-i-gde-nuzhno-izuchit-novichku/,Базовые знания Data Science: что и где нужно изучить новичку,"Область Data Science сейчас популярна и есть везде. Разбираемся, что нужно знать для минимального входа в эту сферу."
https://tproger.ru/video/data-science-dlja-nachinajushhih-12-proektov-na-python-za-3-chasa/?autoload=1,Data Science для начинающих: 12 проектов на Python за 3 часа,"Если только начинаете путь в Data Science, попробуйте сделать эти проекты для начинающих. Они научат вас собирать и визуализировать данные."
https://tproger.ru/video/veb-skrejping-na-python-zapuskaem-parsing-sajtov-za-1-chas/?autoload=1,Веб-скрейпинг на Python: запускаем парсинг сайтов за 1 час,"Парсинг решает кучу практических задач — например, можно отслеживать скидки и сравнивать цены. Простое решение на Python."
https://tproger.ru/translations/sravnenie-skorosti-python-i-c/,Сравнение скорости Python и C++,"Автор этой статьи делает сравнение скорости выполнения одной и той же программы на Python и C++. С++ естественно быстрее, но насколько?"
https://tproger.ru/video/boty-dlja-discord-na-python-proekt-dlja-nachinajushhih/?autoload=1,Боты для Discord на Python: проект для начинающих,Не нужно ничего устанавливать и платить за размещение. Такие боты для Discord без проблем могут работать в бесплатном «облаке».
https://tproger.ru/articles/battl-jazykov-programmirovanija-2022-zavershilsja/,Баттл языков программирования 2020 завершился!,"Вчера прошел финал баттла языков программирования 2020. И теперь, спустя неделю неожиданных и не очень побед и поражений, мы можем объявить победителей! Python — cамый любимый язык наших читателей. Он…"
https://tproger.ru/articles/final-battla-jazykov-programmirovanija-2020-uzhe-segodnja/,Финал баттла языков программирования 2020 уже сегодня!,По результатам вчерашнего полуфинала образовались две пары финалистов. За первое и второе место поборются: Python и JavaScript. А за третье и четвёртое: Swift и C++. Голосуйте за любимый язык и…
https://tproger.ru/articles/polufinal-bitvy-jazykov-programmirovanija-2020/,Полуфинал битвы языков программирования 2020,"Победителями вчерашней схватки стали JavaScript и Python. В полуфинале участвуют: Swift/JavaScript и C++/Python. Напоминаем, выбирайте тот язык, который вы больше любите.  Ещё чуть-чуть и мы узнаем, кто будет победителем. Голосование…"
https://tproger.ru/articles/shestoj-raund-bitvy-jazykov-programmirovanija-2020-nachalsja/,Шестой раунд битвы языков программирования 2020 начался!,"Вчерашний батл был напряжённым: Swift и Assebmler шли ноздря в ноздрю, но в итоге Swift немного обогнал оппонента. Отрыв между C++ и Java существенно больше, С++ победил! Сегодня участвуют следующие…"
https://tproger.ru/explain/pip-kak-ustanavlivat-pakety-v-python/,Pip: как устанавливать пакеты в Python,"Pip — консольный менеджер пакетов для Python. Рассказываем как его установить, и какие возможности управления пакетами он предоставляет."
https://tproger.ru/articles/sherlock-skript-kotoryj-pomogaet-najti-profili-v-socsetjah-po-imeni-polzovatelja/,"Sherlock — скрипт, который помогает найти профили в соцсетях по имени пользователя","Можно найти пользователя и собрать все его профили в удобный список или проверить, свободно ли имя для регистрации нового аккаунта."
https://tproger.ru/translations/python-sorting/,Всё о сортировке в Python: исчерпывающий гайд,"Сортировка в Python выполняется с помощью sorted() и list.sort(). Разбираем на примерах, как это работает."
https://tproger.ru/articles/tretij-raund-bitvy-jazykov-programmirovanija-2020/,Третий раунд битвы языков программирования 2020!,"По итогам вчерашнего раунда С++ буквально уничтожил Cobol, а Assembler оказался почти в два раза популярнее чем Pascal. Результаты смотрите здесь. Сегодня у нас новые соперники: SQL/TypeScript и Python/Ruby. Вы…"
https://tproger.ru/video/12-proektov-na-python-dlja-novichkov-trjohchasovoj-videokurs/?autoload=1,12 проектов на Python для новичков: трёхчасовой видеокурс,"Попробуйте выполнить все эти проекты на Python, от простых к сложным. Видеокурс с подробным объяснением задач и способов их решения."
https://tproger.ru/articles/primite-uchastie-v-battle-jazykov-programmirovanija-2020-start-uzhe-zavtra/,Примите участие в баттле языков программирования 2020. Старт уже завтра!,"В то время как Java и язык Си меняются местами на вершине рейтинга TIOBE, мы решили выяснить, какие языки программирования, наши подписчики любят больше всего. Завтра начинается баттл языков программирования…"
https://tproger.ru/articles/python-strings-for-interview-part-2/,Работа со строками в Python. Готовимся к собеседованию: примеры задач,"Разбор вопросов и задач по работе со строками, с которыми вы можете столкнуться на собеседовании."
https://tproger.ru/articles/python-cheatsheets/,5 шпаргалок по Python для разных сфер применения,Мы собрали несколько полезных шпаргалок по Python: больше не придётся тратить время на поиск базовой информации.
https://tproger.ru/articles/evennia-library/,Evennia — python библиотека для текстовых онлайн-игр,Evennia помогает создавать многопользовательские текстовые игры в консоли. Помимо движка она содержит базовые игровые классы и модули.
https://tproger.ru/articles/python-typing/,Как работать с типизацией в Python,"Разбор основ типизации кода в Python и её роли в динамически-типизированном языке, который будет наиболее полезен новичкам в Python."
https://tproger.ru/articles/files-in-python/,Основы работы с файлами в Python,Введение в работу с файлами в Python с помощью встроенной функциональности языка.
https://tproger.ru/articles/machine-learning-tools-for-dummies/,Инструменты машинного обучения для начинающих,"Помогаем новичкам разобраться и систематизировать различные инструменты машинного обучения (фреймворки, библиотеки и сервисы)."
https://tproger.ru/articles/python-strings-for-interview-part-1/,Работа со строками в Python. Готовимся к собеседованию: вспоминаем азы,Смотрим на строки в Python глазами интервьюера на собеседовании и разбираем базовые операции.
https://tproger.ru/translations/data-imputation/,"Что делать, если в датасете пропущены данные? — 6 способов импутации данных с примерами","Если в датасете пропущены данные, результаты работы с ним могут быть непредсказуемы. Разбираем способы импутации данных, их плюсы и минусы."
https://tproger.ru/articles/python-vs-r-for-data-science/,Python vs. R: что выбрать для Data Science начинающему специалисту?,"Python и R —два самых популярных языка для Data Science. Какой из них выбрать? Разбираемся в плюсах, минусах и инструментах обоих языков."
https://tproger.ru/articles/python-roadmap/,Программирование на Python с нуля: дорожная карта разработчика,"Как научиться программировать на Python с нуля? Мы составили дорожную карту для быстрого, эффективного и структурированного изучения Python."
https://tproger.ru/translations/create-and-deploy-app-with-pycaret/,Создайте и разверните своё первое веб-приложение для машинного обучения,Создаём с помощью PyCaret приложение для прогнозирования затрат на госпитализацию пациентов на основе разных показателей.
https://tproger.ru/articles/what-junior-python-dev-should-know/,Что работодатели ждут от Junior Python-разработчика,"Из этой статьи вы узнаете, что должен знать начинающий Python-разработчик, а также получите список вопросов, которые стоит повторить."
https://tproger.ru/translations/7-basic-languages-for-backend-development/,8 основных языков для бэкенда,"На чём обычно пишут бэкенд крупные компании? Рассказываем о 8-ми языках для бэкенда, об их плюсах и о компаниях, где их используют."
https://tproger.ru/articles/stored-procedures-on-python-in-postgresql/,Хранимые процедуры на Python в PostgreSQL,"Рассматриваем несколько простых примеров, чтобы научиться работать с хранимыми процедурами PostgreSQL на Python."
https://tproger.ru/quiz/python-quest-kaspersky/,"Решите 8 задач на Python, чтобы встретиться с мамой: тест-квест от Tproger и «Лаборатории Касперского»","Недалёкое будущее, скоро дети будут учить язык программирования как первый. Сможете прожить день из такого будущего, решая задачи с помощью Python и логики?"
https://tproger.ru/translations/3-tools-for-python/,"3 инструмента для Python, которые упростят работу с кодом","Разбор полезных инструментов для Python с функциями умного ИИ автодополнения, статического и динамического анализа кода."
https://tproger.ru/translations/django-react-webapp/,Создаём веб-приложение с бэкендом на Django и фронтендом на React,"Создаём REST API на Django, добавляем React в проект и соединяем Django и React."
https://tproger.ru/articles/best-python-frameworks-for-beginners/,"Лучшие фреймворки Python для веб-разработки, которые подойдут начинающим","Разбираем самые популярные фулстек-фреймворки: их особенности, плюсы и минусы, а также сценарии их применения."
https://tproger.ru/articles/python-for-software-development-and-data-science/,Почему Python хорош для Data Science и разработки приложений,"Рассказываем, в чём преимущества Python перед низкоуровневыми языками и чем он полезен в Data Science."
https://tproger.ru/translations/truthy-and-falsy-values-in-python/,Используем объекты вместо True и False — truthy и falsy значения в Python,"Рассказываем про ложные и истинные значения, что их делает таковыми и как, используя истинные значения, можно сократить код."
https://tproger.ru/articles/classification-with-incorrectly-labeled-data/,"Как специалисту по Data Science написать классификатор, если часть данных неверно размечена","Данные важны для аналитики. Однако если они размечены неверно, от них может быть больше вреда, чем пользы. Разбираемся, как работать с такими данными."
https://tproger.ru/articles/what-python-is-good-for/,Для чего хорош Python?,"О плюсах и минусах Python написано уже немало. Рассказываем, зачем вообще учить этот язык, что вы сможете на нём написать и в каких сферах IT работать."
https://tproger.ru/video/python-best-talks-2019/,Лучшие IT-выступления 2019 по версии Tproger: Python,"Об оптимизации, тестах и опыте — сделали для вас подборку лучших выступлений 2019 о разработке на Python по версии Tproger."
https://tproger.ru/articles/pandas-data-wrangling-cheatsheet/,Наглядная шпаргалка по операциям с DataFrame в pandas для data wrangling и не только,Удобная и наглядная шпаргалка по основным операциям с DataFrame в pandas. Подходит для data wrangling и не только.
https://tproger.ru/video/python-3-video-lessons/?autoload=1,"Python умер, да здравствует Python. Видеокурс по программированию на Python 3",Учимся программировать простые графические приложения на Python 3. Параллельно узнаём о Git и принципах качественного кода.
https://tproger.ru/articles/what-are-python-speed-limits/,Наперегонки со временем: на что способен Python в однопоточных вычислениях?,"Многие знают, что Python в чистом виде — не лучший язык для научных вычислений. Однако никто не мешает провести эксперимент по его ускорению."
https://tproger.ru/translations/data-structure-time-complexity-in-python/,"Сколько стоят операции над list, set и dict в Python? Разбираемся с временной сложностью","Временная сложность алгоритма часто обозначается нотацией «О» большое. Разбираемся, что это и какова сложность операций над коллекциями в Python."
https://tproger.ru/translations/13-python-projects-for-intermediate-developers/,13 проектов для Python-разработчиков среднего уровня,"Часто Python-проекты подходят или новичкам, или опытным разработчикам. Исправляем эту несправедливость и рассказываем о Python-проектах для среднего уровня."
https://tproger.ru/problems/python-3-exercises-for-beginners-geekbrains/,Задачи по Python для начинающих от Tproger и GeekBrains,Для обучения программированию на питоне нужны тренировки. Совместно с GeekBrains собрали для вас несколько простых задач на Python 3 c решениями.
https://tproger.ru/translations/how-to-optimize-jupyter-notebook/,Как оптимизировать работу в Jupyter Notebook,"Оптимизируем работу в Jupyter Notebook с помощью основных команд и расширений и добавляем немного магии, чтобы всё стало ещё быстрее и проще."
https://tproger.ru/translations/guide-into-python-imports/,Как работают импорты в Python,"Импорты не так просты, как кажется. Тем более если они пишутся для двух несовместимых версий языка. Разбираемся с основными проблемами и их решением."
https://tproger.ru/translations/unicode-and-encoding-python-guide/,Исчерпывающее руководство по Юникоду и кодировке символов в Python,"Как работает кодировка символов, что такое Юникод и UTF-8. Рассмотрим способы кодирования и декодирования в Python и распространённые ошибки."
https://tproger.ru/translations/python-random-forest-implementation/,Реализация и разбор алгоритма «случайный лес» на Python,Принципы работы алгоритма «случайный лес» — от загрязнения Джини и единичного дерева принятия решений до решения задачи на основе реального набора данных.
https://tproger.ru/translations/global-interpreter-lock-guide/,Зачем нужен Python Global Interpreter Lock и как он работает,"Python Global Interpreter Lock (GIL) — блокировка, позволяющая только одному потоку управлять интерпретатором Python. Рассмотрим, как она работает."
https://tproger.ru/translations/scikit-learn-in-python/,Обзор методов классификации в машинном обучении с помощью Scikit-Learn,Для машинного обучения на Python написано очень много библиотек. Сегодня мы рассмотрим одну из самых популярных — Scikit-Learn. Scikit-Learn упрощает процесс создания классификатора и помогает более чётко выделить концепции машинного…
https://tproger.ru/translations/python-built-ins-worth-learning/,Встроенные функции Python: какие нужно знать и на какие не стоит тратить время,"В статье расскажем про стандартные встроенные функции Python: какие используются часто, а какие вам, вероятно, не пригодятся никогда."
https://tproger.ru/translations/diffie-hellman-key-exchange-explained/,Как работает обмен ключами в протоколе Диффи-Хеллмана,Протокол Диффи-Хеллмана (DH) — метод безопасного обмена криптографическими ключами по общедоступному каналу. Рассмотрим принципы работы этого протокола.
https://tproger.ru/translations/django-faq/,Неофициальный и консервативный FAQ по Django,"Django — свободный фреймворк для веб-приложений. В этом FAQ вы найдёте ответы на часто возникающие вопросы, которых нет в официальной документации."
https://tproger.ru/translations/sorting-algorithms-in-python/,Объяснение алгоритмов сортировки с примерами на Python,"В этой статье рассмотрены популярные алгоритмы, принципы их работы и реализация на Python. Также сравним, как быстро они сортируют элементы в списке."
https://tproger.ru/translations/opencv-python-guide/,Шпаргалка по OpenCV — Python,"Что такое OpenCV? Библиотека компьютерного зрения и машинного обучения с открытым исходным кодом. В неё входят более 2500 алгоритмов, в которых есть как классические, так и современные алгоритмы для компьютерного…"
https://tproger.ru/translations/python-logging/,Основные концепции журналирования в Python,"Понимание принципов работы модуля журналирования, поставляемого в стандартной библиотеке Python, поможет разработчику упростить процесс создания приложения."
https://tproger.ru/translations/demystifying-decorators-in-python/,Декораторы в Python: понять и полюбить,"Декораторы в Python — полезная вещь, но многие новички её не понимают и обходят стороной. Объясняем, что они из себя представляют и как работают."
https://tproger.ru/quiz/python-fast-and-furious/,Что может Python сделать за секунду?,"Все говорят, что Python медленный, но так ли это? Пройдите наш тест и узнаете, сколько всего этот язык способен сделать за секунду!"
https://tproger.ru/translations/parking-searching/,Ищем свободное парковочное место с Python и глубоким обучением,"В городах остро встаёт проблема нехватки парковочных мест. В этой статье мы напишем на Python программу, которая будет сообщать о наличии свободных мест."
https://tproger.ru/translations/python-data-vizualization/,Качественно новый уровень визуализации данных в Python,"Когда-то для визуализации данных в Python использовали matplotlib. Однако позже появилась более удобная библиотека — plotly. Рассказываем, что она может."
https://tproger.ru/translations/asterisks-in-python-what-they-are-and-how-to-use-them/,Звёздный Python: где и как используются * и **,"В Python много где можно встретить операторы * и **, которые в зависимости от контекста дают разный эффект. Разбираемся, как и где использовать «звёздочки»."
https://tproger.ru/translations/python-refactoring-with-tests/,Рефакторим код на Python с помощью тестов,"Рефакторинг — не для слабаков, и всегда есть возможность накосячить. Чтобы вы могли избежать этого, мы рассматриваем пошаговый пример рефакторинга в Python."
https://tproger.ru/translations/an-a-z-of-python-tricks/,26 полезных приёмов и хитростей Python,"В процессе работы с языком каждый находит для себя какие-то приёмы или библиотеки, облегчающие жизнь. Мы собрали подборку разных хитростей для Python."
https://tproger.ru/translations/making-a-low-level-linux-debugger/,Пишем низкоуровневый отладчик под Linux на Python,"Есть отличные отладчики вроде GDB, но иногда контроля над ними недостаточно. В этой серии статей мы напишем свой низкоуровневый отладчик под Linux на Python."
https://tproger.ru/curriculum/python-how-to-learn-2/,Хочу научиться программировать на Python: инструкция для продолжающих,"Рассказываем, что учить, как получать практику и где брать идеи для своего проекта."
https://tproger.ru/translations/debugging-python-with-pdb/,Как использовать отладчик pdb для Python приложений,"Разбираемся с утилитой для отладки кода на Python — pdb. В материале рассмотрены приёмы работы с отладчиком pdb, а также его основные возможности."
https://tproger.ru/translations/basic-statistics-in-python-descriptive-statistics/,Основы статистики с Python: описательная статистика,"Изучаем основы описательной статистики с Python, на примере датасета от Kaggle с описаниями 130 тысяч марок вина."
https://tproger.ru/curriculum/python-how-to-learn/,Хочу научиться программировать на Python. С чего начать?,"Рассказываем, что нужно выучить в первую очередь, где брать знания и интересные задачи для тренировок."
https://tproger.ru/translations/extracting-super-mario-bros-levels-with-python/,Используем Python для извлечения фона из Super Mario Bros,"В этой статье мы собираемся зареверсить Super Mario Bros 1985 года, чтобы извлечь изображение фона. Всё будет сделано с помощью одного лишь Python!"
https://tproger.ru/translations/python-security-troubles/,Каких дыр в безопасности надо бояться Python-разработчику,"Иногда даже самые, казалось бы, безопасные вещи, могут таить в себе опасность. Python — не исключение. Рассказываем, как работать с ним правильно"
https://tproger.ru/translations/bittorent-client-with-python/,Пишем свой BitTorrent-клиент на Python,Автор BitTorrent-клиента Pieces рассказывает об устройстве протокола и делится своими опытом написания приложения под этот протокол на Python:
https://tproger.ru/translations/python-ide/,Лучшие IDE и редакторы кода для Python,"Учитывая всё многообразие IDE и редакторов кода, в них легко запутаться. Собрали для вас самые популярные инструменты для разработки на Python и выяснили, в чём их преимущества и недостатки."
https://tproger.ru/quiz/python-style-quiz/,Тест: а у вас стильный Python?,"Python любят за многое, в том числе за удобочитаемость кода. Чтобы её сохранить, существует ряд руководств по кодстайлу. Самое известное из них — PEP8. Подготовили для вас тест, который покажет ваш уровень знаний PEP8."
https://tproger.ru/translations/django-orm-tips/,"Фичи Django ORM, о которых вы не знали","Разработчики, решившие более детально разобраться в работе СУБД, часто обнаруживают, что делает некоторые вещи не оптимально. Представляем вашему вниманию советы по работе с базами данных в Django ORM."
https://tproger.ru/articles/teletun-ip-over-telegram/,Интересные проекты: пробрасываем трафик через Telegram,"Думали когда-нибудь о передаче трафика через Telegram? Конечно думали! Поэтому встречайте Teletun — GitHub-проект, предназначенный как раз для этой цели."
https://tproger.ru/translations/pyqt-apps/,Реальные примеры приложений на Python и PyQT: от косынки до веб-браузера,"Нашли для вас подборку из 15 простых приложений на Python, написанных с помощью PyQt. Все приложения с открытым исходным кодом, поэтому их можно спокойно изменять, использовать в своих проектах и экспериментировать, как вам захочется."
https://tproger.ru/problems/sum-of-list-elements/,Задача на поиск списка с максимальной суммой элементов,"Представим, что у нас есть список со списками и нам нужно найти вложенный список с максимальной суммой элементов. Как бы вы решили эту задачу? Пока вы думаете, давайте рассмотрим несколько возможных вариантов решения на Python от самого громоздкого до «однострочника»."
https://tproger.ru/explain/python-dictionaries/,Словари и их методы в Python,"В краткой форме рассмотрим то, как устроены словари в языке Python, а также изучим некоторые методы для работы с ними. Чтение не займет больше 5 минут."
https://tproger.ru/translations/python-data-types/,Основные типы данных в Python для начинающих,"При изучении языка программирования одна из первых вещей, с которой вы столкнётесь, — типы данных. Сегодня мы расскажем об одних из наиболее важных типов данных в Python."
https://tproger.ru/translations/python-gui-pyqt/,Python GUI: создаём простое приложение с PyQt и Qt Designer,"Помимо всего прочего, на Python можно создавать десктопные приложения с графическим интерфейсом (Python GUI). Это можно сделать с помощью PyQt и Qt Designer, с которыми мы сегодня познакомимся."
https://tproger.ru/translations/python-args-and-kwargs/,Функция с переменным количеством аргументов в Python: *args и **kwargs,"Не всегда заранее известно, сколько аргументов будет передано функции. В таких случаях в Python на помощь приходят *args и **kwargs, позволяющие передавать переменное количество аргументов. Сегодня мы расскажем, как именно они работают."
https://tproger.ru/problems/python-challenge-level-one/,Задачка на Python: расшифруйте строку,Для разминки мозга и улучшения знания языка полезно порешать какие-нибудь задачки. В этой задаче будем разгадывать шифр на Python несколькими способами.
https://tproger.ru/translations/python-command-line-tools-with-click/,Пишем инструменты командной строки на Python с помощью Click,"Интерфейсы командной строки — эффективная вещь, так как они позволяют автоматизировать практически всё что угодно. Сегодня мы расскажем, как написать такой интерфейс на Python с помощью Click."
https://tproger.ru/translations/python-command-line-tools-with-google-fire/,Автоматизируем аргументы командной строки на Python с Google Fire,"Для написания интерфейсов командой строки лучше использовать библиотеки, которые упростят вам жизнь и значительно ускорят разработку. Сегодня мы рассмотрим Google Fire — одну из таких библиотек."
https://tproger.ru/articles/reducepy-by-abdullahselek/,Интересные проекты: сокращатель ссылок для запуска на Docker,"Проект ReducePy – это сервис для сокращения url-адреса, разработанный с использованием Tornado и Redis, для запуска на Docker."
https://tproger.ru/translations/python-variable-annotations/,Аннотации переменных в Python,"Аннотации переменных — следующий шаг развития аннотаций типов. Сегодня мы подробно расскажем, что они из себя представляют и как их использовать."
https://tproger.ru/translations/how-grouper-works/,Разбираемся в работе функции grouper в Python,Часто на StackOverflow задают вопрос «Как разбить последовательность на части равного размера?». Давайте попробуем в нём разобраться.
https://tproger.ru/translations/python-desktop-notifications/,Отправляем push-уведомления на рабочий стол в Linux с помощью Python,"Создадим программу, которая будет присылать не интерактивное всплывающее уведомление, показывающее актуальный курс биткоина к доллару."
https://tproger.ru/video/python-jedi/?autoload=1,Курс «Python-джедай»,"Серия русскоязычных видеоуроков, в которых рассматриваются основные аспекты использования языка Python под многообещающим девизом «По стандартам США»."
https://tproger.ru/video/advanced-python/?autoload=1,Курс «Продвинутый Python»,"Видеоуроки предназначены для опытных программистов на Python и тех, кто знаком с его основами."
https://tproger.ru/translations/python-developer-interview-guide/,Подготовка к собеседованию на позицию Python-разработчика,"Мы подготовили статью с темами и вопросами, которые работодатель может затронуть на собеседовании, и дополнили их небольшими объяснениями."
https://tproger.ru/translations/hitchhikers-guide-to-ml/,Автостопом по машинному обучению на Python,"В этой статье кратко описаны восемь главных алгоритмов машинного обучения и то, как использовать их на практике. Будет полезно для структурирования знаний."
https://tproger.ru/devnull/python-easter-eggs/,"Пасхалки, скрытые шутки и забавные возможности Python",Собрали все забавные фишки и пасхалки языка Python в одной подборке. А если не все — делитесь упущенными в комментариях 😉
https://tproger.ru/translations/machine-learning-beginners-guide/,Руководство по машинному обучению для начинающих: модель прогноза выживших на «Титанике»,"Руководство написано для тех, кто раннее не был знаком с машинным обучением. Это введение в машинное обучение на основе написания алгоритма, который будет предсказывать, сколько человек выживет при крушении «Титаника». Предполагается, что вы уже имеете опыт работы с Python и что вы знакомы с Pandas на базовом уровне."
https://tproger.ru/translations/ethereum-from-scratch/,Сетевой протокол Ethereum с нуля. Часть первая. Соединение,"В этой статье мы разберемся в основных концепциях работы сети Ethereum и напишем Python-скрипт для ее пингования.Ethereum — это криптовалюта, где код может исполняться посредством блокчейна. Предполагается, что у читателя есть базовое понимание Python, Git и сетевых концепций, таких как TCP и UDP."
https://tproger.ru/sponsored/python-vs-r-data-science/,Python и R в анализе данных: основные различия и сценарии использования,"Python и R — наиболее популярные и удобные языки программирования в области анализа данных. В этой статье рассмотрим различия между R и Python и расскажем, какое они занимают место в…"
https://tproger.ru/translations/telegram-bot-create-and-deploy/,Telegram-бот на Python: от первой строчки до запуска на Heroku,"Напишем простой Telegram-бот на Python и запустим его на сервере Heroku, предварительно ознакомившись с нужными инструментами."
https://tproger.ru/translations/reactive-web-apps-with-python/,Создание реактивных аналитических веб-приложений с использованием Python и библиотеки Dash,"Библиотека Dash будет полезна тем, кто использует Python для анализа и исследования данных, визуализации, моделирования и отчётности."
https://tproger.ru/translations/jupyter-notebook-python-3/,Как настроить Jupyter Notebook для Python 3,"Jupyter Notebook — это командная оболочка для интерактивных вычислений. Этот инструмент может использоваться не только с Python, но и другими языками программирования: Julia, R, Haskell и Ruby. Он часто используется…"
https://tproger.ru/translations/snake-android-python-kivy/,Пишем «Змейку» под Android на Python и Kivy,В этой статье мы напишем классическую «Змейку» на Python с помощью инструмента для создания GUI Kivy.
https://tproger.ru/articles/python-pandas/,Получение данных c веб-сайта без API в 3 строки кода на Python,"Рассказываем о том, как можно сэкономить время и нервы при автоматизации процесса получения данных с веб-сайтов без соответствующего API-интерфейса."
https://tproger.ru/articles/cryptography-encryption/,Криптография для самых маленьких: шифрование с примерами на Python,"Каждый человек, который пользуется компьютером или смартфоном, ежедневно сталкивается с криптографией: начиная от работы в интернете по протоколу HTTPS и заканчивая печально известными вирусами-шифровальщиками. Однако далеко не все понимают, как…"
https://tproger.ru/translations/image-classifier-tensorflow/,Простой классификатор изображений на Python с помощью библиотеки TensorFlow: пошаговое руководство,"Это руководство поможет вам создать классификатор изображений, используя лишь 10 строк кода и TensorFlow — библиотеку машинного обучения от Google."
https://tproger.ru/video/python-dev/?autoload=1,Курс «Программирование на Python»,"Русскоязычный видеокурс Computer Science Center, посвященный основам языка Python. Курс записан в 2015 году, лектор курса — Сергей Лебедев."
https://tproger.ru/video/data-analysis-with-python/?autoload=1,Курс «Python для анализа данных»,"Англоязычный видеокурс, знакомящий слушателей c основами Pandas — модуля языка Python, представляющего собой высокопроизводительную, высокоэффективную и высокоуровневую библиотеку анализа данных."
https://tproger.ru/translations/asynchronous-programming-in-python/,Асинхронное программирование в Python,"Асинхронное программирование на Python становится все более популярным. Для этих целей существует множество различных библиотек. Самая популярная из них — Asyncio, которая является стандартной библиотекой Python 3.4. Из этой статьи вы узнаете, что такое…"
https://tproger.ru/digest/python-and-django-beginners-pack/,Подборка практических и обучающих материалов по Python и Django для начинающих,"Мы перевели для вас статью, которая будет полезна для начинающих Python/Django разработчиков. Вам не обязательно проходить каждый курс полностью. Лучше начинать с самых простых уроков и практики. И еще один важный совет:…"
https://tproger.ru/translations/email-functionality-django/,Как отправлять электронную почту в веб-приложении на Django,"Руководство по созданию приложения на Django, позволяющее пользователям оставлять адреса своей электронной почты и получать приветственное письмо в ответ."
https://tproger.ru/translations/finding-books-python-opencv/,Пишем скрипт для поиска книг на изображениях с помощью Python и OpenCV,"Прочитав эту статью, вы узнаете, как подсчитать количество книг (да и любых других объектов) на изображении с помощью Python и библиотеки OpenCV."
https://tproger.ru/translations/nifty-python-tricks/,Хитрые приёмы на Python,"В этой статье собраны удобные приёмы, которые вполне могут упростить написание кода на Python. Всем начинающим рекомендуется к прочтению."
https://tproger.ru/video/python-for-beginners/?autoload=1,Курс «Python для начинающих»,С чего начать обучение Python?
https://tproger.ru/video/python-plays-gta-v/?autoload=1,Обучение автопилота на Python в Grand Theft Auto V,"Достаточно известный среди любителей языка Python разработчик по имени Гаррисон «Sentdex» Кинсли выпустил очередной курс, «Python Plays GTA V»."
https://tproger.ru/translations/making-a-python-bot-for-memes/,"/dev/null не нужен: пишем бота на Python, который будет присылать свежие мемасики","Сегодня мы создадим бота для Facebook Messenger, который будет присылать нам свежие мемы, мотивационные сообщения и шутки. В этой статье есть большая часть информации, которую нужно знать для создания своего бота."
https://tproger.ru/translations/django-or-ruby-on-rails/,Django или Ruby on Rails: какой фреймворк выбрать?,"Вопрос выбора фреймворка часто встаёт перед стартаперами или программистами. Первые хотят, чтобы проект был основан на наиболее подходящем, трендовом фреймворке. Вторые хотят развивать свои навыки и применять знания в реальных проектах. Обе цели…"
https://tproger.ru/translations/text-classification-tensorflow-neural-networks/,Общий взгляд на машинное обучение: классификация текста с помощью нейронных сетей и TensorFlow,В статье подробно описывается пример создания нейронной сети для классификации текста при помощи TensorFlow. Материал понятен даже без спецподготовки.
https://tproger.ru/video/python-overview/?autoload=1,Курс «Язык Python»,"Обзорный курс по Python от Яндекса, охватывающий основы Python, ООП на этом языке, тестирование и несколько приемов профессионального программирования."
https://tproger.ru/video/web-technostream-django/?autoload=1,Курс лекций по веб-технологиям и разработке на Django,"Курс посвящен разработке серверной части веб-приложений, их архитектуре и протоколу HTTP. В нем рассказывается об основных аспектах работы веб-приложений — в частности, клиент-серверной архитектуры — а также даются необходимые базовые навыки…"
https://tproger.ru/quiz/python-beginner/,Тест: насколько хорошо вы разбираетесь в Python?,Викторина от Tproger: проверьте свои знания в синтаксисе и особенностях Python — одном из самых популярных языков программирования в мире.
https://tproger.ru/translations/creepy-code-collection/,"Подборка неожиданного, странного, местами безумного кода: самые необычные программы из когда-либо написанных","Сегодня мы поговорим о самых странных программах, какие вы когда-либо видели. И настолько непонятных, что даже прошаренные кодеры возьмутся за учебники."
https://tproger.ru/books/free-python-books/,Подборка книг о языке Python для программистов любого уровня,"В этой подборке мы собрали самые полезные бесплатные книги, которые помогут в изучении языка Python как начинающим, так и опытным программистам."
https://tproger.ru/books/stackoverflow-most-popular-books/,Самые популярные книги по версии Stack Overflow — разработчик рассказал о создании удобного сервиса и поделился месячным отчётом,"Пользователь ресурса freeCodeCamp Влад Ветцель решил выяснить, как найти «свою» книгу по программированию. Свободное время разработчика ограничено, а для чтения его нужно много. Поэтому очень важно выбрать хорошую книгу, после прочтения которой…"
https://tproger.ru/translations/markov-chains/,Создаем генератор текста на основе цепей Маркова: теория и практика,Перевели для вас руководство по созданию собственного генератора текста. В статье — теоретическая база с иллюстрациями и вариант реализации на Python.
https://tproger.ru/translations/python2-package-only/,"Что делать, если нужный вам модуль поддерживает только Python 2: пошаговое руководство","Оказалось, что один из модулей, необходимых вам в работе, не поддерживает Python 3. Предлагаем способ решения этой проблемы."
https://tproger.ru/translations/python-tv-remote/,Создаем пульт для телевизора при помощи Python и смартфона,"Простой пример разработки мобильного приложения с использованием Python и Briefcase. Результат — приложение, которое превратит ваш смартфон в пульт для ТВ."
https://tproger.ru/digest/awesomo-python/,"Лучшие проекты, в которых стоит поучаствовать, чтобы примкнуть к Open Source движению и развить свои навыки. Часть четвертая. Python","Если вы интересуетесь жизнью Open Source сообщества и хотите к нему присоединиться, то эта серия подборок придётся вам как нельзя кстати, ведь в ней собраны лучшие проекты с открытым исходным кодом.…"
https://tproger.ru/translations/5-ways-of-using-underscore-in-python/,5 способов использования подчеркивания (_) в Python,"Подчеркиванию (_) в Python отводится особенное место. Если в большинстве других языков оно используется в названиях переменных и функций, то в Python подчеркивание (_) обладает гораздо большей властью. Например, если…"
https://tproger.ru/translations/create-your-first-django-app/,Создаем своё первое веб-приложение с помощью Django,"Мы создадим веб-приложение, у которого будет панель администратора и возможность загружать загадки, а у пользователей возможность отвечать на них"
https://tproger.ru/translations/programming-concepts-introspection-reflection/,Основные принципы программирования: интроспекция и рефлексия,"Рассказывает Аарон Краус  Часто во время работы программы нам бывает нужна информация о данных — например, какой у них тип или являются ли они экземпляром класса (в ООП). Опираясь на…"
https://tproger.ru/articles/django-sqlite-to-mysql/,Инструкция: как перевести проект Django с SQLite на MySQL без боли,"SQLite3 является СУБД-движком по умолчанию в Python веб-фреймворке Django, а также, как сообщается на официальном сайте проекта, самым часто используемым движком в мире. И он отлично походит для быстрого прототипирования…"
https://tproger.ru/articles/which-technology-to-choose/,Как выбрать технологию для большого и не очень большого веб-проекта,"Рассказывает Никита Семенов, CEO SECL Group За годы работы я часто слышал вопросы о выборе технологий для того или иного веб-проекта. Кто-то спрашивает у нас, как у разработчиков, как правильно, а кто-то…"
https://tproger.ru/digest/data-science-python/,Всё для изучения Python: 181 бесплатный материал + бонус,В данном списке вы сможете найти материалы для изучения языка Python с целью применения его в анализе данных и не только. Последний раздел — это бонус: если этой подборки вам оказалось…
https://tproger.ru/problems/break-nested-loop-smartly/,"Как сделать «двойной break», то есть выйти из вложенного цикла, в Python?","Условие: Перебрать все пары символов в строке, и остановиться при нахождении двух одинаковых символов."
https://tproger.ru/articles/reactivex-python/,Принципы реактивного программирования с использованием библиотеки ReactiveX для Python на примере простого RSS-агрегатора,"В последние годы реактивное программирование в целом, а технология ReactiveX в частности, обретает всё большую популярность среди разработчиков. Одни уже активно используют все преимущества этого подхода, а другие только «что-то слышали».…"
https://tproger.ru/translations/speedy-string-concatenation-python/,Как быстро конкатенировать строки в Python,"Рассказывает Рювен Лэрнер, преподаватель Как вы, наверное, знаете один из принципов в Python: «Должен быть один и только один способ сделать что-либо». Можете убедиться в этом, выполнив в в интерпретаторе…"
https://tproger.ru/digest/python-data-library/,18 полезных библиотек для анализа данных в Python,"Наша подборка будет разбита на две части — первые 8 библиотек предназначены для предварительной обработки и очистки данных от мусора, следующие 10 — для визуализации подготовленных данных."
https://tproger.ru/digest/top-cheatsheets/,Подборка шпаргалок для программистов,"Даже самые опытные программисты не всегда могут вспомнить название какого-нибудь свойства в CSS или правильное написание команды bash. Поэтому всегда удобно иметь у себя в закладках страницу, попав на которую,…"
https://tproger.ru/translations/implementing-zip-list-comprehensions/,"Разбираемся, как работает встроенная функция zip в Python, и пишем свою реализацию с помощью list comprehension","Расказывает Рювен Лёрнер, преподаватель Многие слышали о функции zip в Python, а кто-то даже регулярно ей пользуется. Сегодня мы (из интереса и для общего развития) опишем, как можно реализовать её…"
https://tproger.ru/digest/five-ways-to-boost-python/,"Пять проектов, которые помогают ускорить код на Python","Python — простой и удобный динамический язык язык, но все отлично знают про его слабость: он работает медленнее, чем код на Си, Java или даже JavaScript, когда дело доходит до задач, которым требуется…"
https://tproger.ru/digest/10-useful-python-resources/,10 полезных ресурсов для обучения Python,"Рассказывает Alan O’Donohoe  С тех пор, как я начал преподавать Python в 2011, я нашёл несколько ресурсов, которые я регулярно использую. Когда я только начинал изучать этот язык, я удивился,…"
https://tproger.ru/translations/becoming-productive-in-haskell/,Как начать писать на Haskell: опыт Python-программиста,"Рассказывает автор блога Mechanical Elephant, Мэтью Гриффин После продолжительного изучения Haskell я набрался достаточно опыта, чтобы сейчас дать вам пару советов. Кроме того, я хотел бы усвоить для себя кое-какие принципы, прежде чем…"
https://tproger.ru/translations/10-python-libraries-you-might-not-know/,"10 полезных Python библиотек, о которых вы не слышали","Пакетов для Python создано уже очень много, поэтому ни один человек физически не может изучить их все. Только PyPi насчитывает 47 000 пакетов. В то время как pandas, scikit-learn или numpy у…"
https://tproger.ru/video/pycon-2016-experienced/,Самые интересные доклады с PyCon 2016,"Недавно на YouTube были опубликованы почти все видеозаписи выступлений с PyCon 2016. Это мероприятие является крупнейшей конференцией, посвященной языку программированию Python, спикерами которой являются известные разработчики сообщества. В этой статье собрано…"
https://tproger.ru/digest/best-github-vk-api-libs/,"Лучшие библиотеки для работы с VK API на C++, Java, Python и других языках","Работать с API ВКонтакте доводилось многим из нас, и каждый может сказать: работать с ним напрямую неудобно. Разумеется, было написано множество библиотек, предоставляющих удобный интерфейс работы с ним. Их можно…"
https://tproger.ru/interview/seva-zhidkov/,"Сева, 8-классник: «Сперва я работал в Meduza.io, потом решил заняться стартапом в области чат-ботов; мной заинтересовались в Mail.ru»","Взяли интервью у Севы Жидкова, восьмиклассника из Удмуртии, разработавшего «виртуального помощника» — чат-бота «Leonard». Сева рассказал о своем жизненном пути и дал советы другим начинающим программистам. После публикации в СМИ с…"
https://tproger.ru/translations/mosaic-from-random-images/,Создаем мозаику из случайных изображений,"Рассказывает Чарльз Ньюи, автор блога blog.assemblyco.de Если вы следили за новинками современного искусства, вы наверняка видели что-то, похожее на это:"
https://tproger.ru/digest/python-articles/,10 полезных материалов по Python для быстрого старта ваших проектов,"Python — широко распространенный динамический интерпретируемый язык высокого уровня. В его философии основополагающими являются простота и читаемость кода, а его синтаксис позволяет делать код программ гораздо короче, чем на С++…"
https://tproger.ru/problems/merging-ranges-in-calendar/,Задача про слияние промежутков в календаре,"Предположим, компания, в которой вы работаете, разрабатывает электронный календарь. В календаре есть функция, показывающая, когда различные команды программистов будут заняты на какой-либо встрече."
https://tproger.ru/problems/stock-apple/,Задача про акции Apple,"Задача, которую давали на собеседованиях в Apple. От вас требуется написать функцию, которая возвращает максимальную прибыль от одной сделки с одной акцией (сначала покупка, потом продажа). Исходные данные — массив вчерашних котировок stock_prices_yesterday с ценами…"
https://tproger.ru/articles/free-programming-books/,Бесплатные материалы для программистов,"Огромная база ссылок на книги, статьи, туториалы, онлайн-курсы, интерактивные обучалки, подкасты — всё только бесплатное."
https://tproger.ru/articles/json-sempai/,Модуль для прямого импорта JSON в Python,"Вы когда-нибудь просыпались ночью в поту и чувствовали непреодолимое желание брать и импортировать JSON-файлы так, как будто это обычные Python-модули? Теперь это возможно!"
https://tproger.ru/articles/pascal-interpreter-series/,Руководство по созданию интерпретатора языка Pascal на Python,"Предлагаем вашему вниманию серию статей, опубликованную в блоге Руслана Спивака. В ней автор подробно описывает процесс разработки базового интерпретатора. Серия пополняется, и в этой подборке вы найдете первые части руководства."
https://tproger.ru/digest/python-materials/,Материалы для изучения Python,"Python считается одним из самых перспективных языков в Web-направлении (ожидается, что скоро он вытеснит PHP). Мы подготовили для вас подборку материалов, с помощью которых вы сможете легко выучить этот язык."
https://tproger.ru/digest/python-whys/,Короткие ответы на популярные вопросы о Python,"Python — отличный язык для большого количества различных задач: от веба до научных расчетов. Кроме того, он достаточно простой. Настолько, что начать писать на нем можно за день-два. Однако никто…"
https://tproger.ru/problems/max-multiplication-of-three-numbers/,Задача о максимальном произведении трех чисел массива,"Задача, которую предлагали на собеседованиях в Apple: у вас есть массив с целыми числами, в том числе и отрицательными, вам нужно найти самое большое произведение 3 чисел из этого массива."
https://tproger.ru/problems/array-recalculate/,Задача о преобразовании массива с целыми числами,"Исходные данные: массив с числами типа Integer. Вам нужно написать функцию, которая на входе получит исходный массив, а на выходе вернет массив, в котором каждое значение получено путем произведения всех значений исходного массива…"
https://tproger.ru/links/status-py/,Человекочитаемые коды ответа HTTP для Python,"status.py — удивительно простая библиотека для Python (меньше 100 строк кода), добавляющая человекочитаемые статусы ответа HTTP. Сравните сами. Вот так выглядит код без status.py: class Example(RequestHandler): def post(self): # делаем запрос…"
https://tproger.ru/links/python-wats-explained/,Некоторые странности Python: объяснение,"Недавно мы публиковали ссылку на статью о некоторых странностях Python. Но не все так просто: у этих странностей есть вполне логичное объяснение. Например, в случае с перемножением чисел и строк:…"
https://tproger.ru/links/python-goto/,Оператор GOTO в Python,"Оператор GOTO не ругал только ленивый. Тем не менее, это инструмент, и польза или вред от него определяется только тем, как его используют."
https://tproger.ru/translations/appeal-of-dynamically-typed-languages/,В чем привлекательность динамических языков?,"Рассказывает Эрик Осхайм К нам поступил вопрос: Мне хочется лучше понять, в чем же все-таки состоит привлекательность языков с динамической типизацией. Может ли кто-нибудь, кто знаком и с динамическими языками,…"
https://tproger.ru/translations/python-development-on-android/,Как разрабатывать на Python под Android,"Рассказывает Александр Тейлор, разработчик проекта Kivy В последнее время появляется большое количество ресурсов по разработке на Python под Android. Все чаще упоминается предназначенный для этой задачи фреймворк Kivy (и его…"
https://tproger.ru/articles/python-powered-games/,"Игры, в которых использовался Python","Сегодня вашему вниманию представляется статья и небольшая инфографика, которая покажет вам на конкретных примерах, что Python столь же эффективен в разработке игр, как и в других областях.   Вот некоторые…"
